cat_id|slug|name|url|child_count|related_categories
c17|Amber|Amber|https://www.parfumo.com/Fragrance_Notes/Amber|91|
c18|Ambergris|Ambergris|https://www.parfumo.com/Fragrance_Notes/Ambergris|54|c20;c25
c19|Ambrette|Ambrette|https://www.parfumo.com/Fragrance_Notes/Ambrette|21|c414
c20|Ambroxan|Ambroxan|https://www.parfumo.com/Fragrance_Notes/Ambroxan|4|c18;c234
c25|Animalic_notes|Animalic notes|https://www.parfumo.com/Fragrance_Notes/Animalic_notes|117|c118;c145;c18;c230;c24;c296;c334;c414;c559
c44|Balsamic_notes|Balsamic notes|https://www.parfumo.com/Fragrance_Notes/Balsamic_notes|75|c140;c167;c21;c228;c270;c300;c42;c43;c45;c478;c488;c524;c525;c621
c52|Basil|Basil|https://www.parfumo.com/Fragrance_Notes/Basil|36|c284;c285
c64|Benzoin|Benzoin|https://www.parfumo.com/Fragrance_Notes/Benzoin|29|c445;c524
c65|Bergamot|Bergamot|https://www.parfumo.com/Fragrance_Notes/Bergamot|57|c141;c143
c66|Berries|Berries|https://www.parfumo.com/Fragrance_Notes/Berries|109|c177;c187;c203;c217;c239;c240;c259;c260;c315;c412;c516;c517;c518;c534;c549;c578;c659;c73;c76;c81;c87
c73|Black_currant|Blackcurrant|https://www.parfumo.com/Fragrance_Notes/Black_currant|44|c187;c66
c74|Black_pepper|Black pepper|https://www.parfumo.com/Fragrance_Notes/Black_pepper|24|c364;c475;c566
c75|Black_tea|Black tea|https://www.parfumo.com/Fragrance_Notes/Black_tea|48|c330;c607
c111|Cardamom|Cardamom|https://www.parfumo.com/Fragrance_Notes/Cardamom|55|c566;c567
c112|Carnation|Carnation|https://www.parfumo.com/Fragrance_Notes/Carnation|20|c204;c231
c117|Cassia|Cassia|https://www.parfumo.com/Fragrance_Notes/Cassia|15|c231;c494
c119|cedar|Cedar|https://www.parfumo.com/Fragrance_Notes/cedar|111|c166;c38;c646;c669
c124|Chamomile|Camomile|https://www.parfumo.com/Fragrance_Notes/Chamomile|17|c231;c284;c285
c139|Cinnamon|Cinnamon|https://www.parfumo.com/Fragrance_Notes/Cinnamon|54|c566;c567
c140|Cistus|Cistus|https://www.parfumo.com/Fragrance_Notes/Cistus|36|c329;c44;c494;c525
c141|Citric_notes|Citric notes|https://www.parfumo.com/Fragrance_Notes/Citric_notes|332|c142;c143;c150;c264;c314;c316;c317;c328;c337;c338;c339;c347;c357;c371;c399;c406;c424;c441;c479;c499;c548;c554;c579;c641;c65;c677;c70;c71;c79
c143|citrus-fruits|Citrus fruits|https://www.parfumo.com/Fragrance_Notes/citrus-fruits|203|c141;c142;c144;c150;c239;c264;c316;c317;c328;c337;c371;c399;c423;c548;c554;c579;c65;c677;c70;c79
c146|clary-sage|Clary sage|https://www.parfumo.com/Fragrance_Notes/clary-sage|19|c284;c285
c166|Coniferous_trees|Coniferous trees|https://www.parfumo.com/Fragrance_Notes/Coniferous_trees|188|c107;c119;c181;c191;c227;c266;c281;c31;c331;c38;c42;c487;c494;c551;c556;c572;c575;c593;c614;c615;c646;c669;c675;c695
c169|Coriander|Coriander|https://www.parfumo.com/Fragrance_Notes/Coriander|28|c285;c567
c184|Cumin|Cumin|https://www.parfumo.com/Fragrance_Notes/Cumin|12|c566;c567
c196|Damascus_rose|Damascus rose|https://www.parfumo.com/Fragrance_Notes/Damascus_rose|30|c533
c204|Dianthus|Dianthus|https://www.parfumo.com/Fragrance_Notes/Dianthus|16|c112;c231
c214|Earthy_notes|Earthy notes|https://www.parfumo.com/Fragrance_Notes/Earthy_notes|67|c398;c464;c470;c563
c231|Floral_notes|Floral notes|https://www.parfumo.com/Fragrance_Notes/Floral_notes|1281|c103;c104;c105;c112;c117;c124;c136;c16;c170;c173;c180;c189;c192;c195;c197;c198;c200;c204;c208;c217;c22;c226;c233;c235;c236;c245;c248;c249;c256;c271;c273;c277;c278;c279;c280;c283;c284;c286;c290;c294;c295;c299;c302;c303;c308;c333;c342;c344;c345;c346;c35;c351;c359;c365;c369;c37;c372;c378;c397;c40;c404;c415;c419;c420;c422;c424;c434;c442;c443;c446;c452;c455;c461;c473;c474;c481;c492;c494;c497;c5;c502;c508;c523;c526;c530;c533;c568;c574;c582;c585;c597;c60;c604;c617;c628;c629;c63;c644;c650;c655;c660;c667;c676;c698;c71;c8;c80;c84;c91;c94
c233|flowers|Flowers|https://www.parfumo.com/Fragrance_Notes/flowers|409|c144;c231;c348;c422;c442;c494;c698;c71
c234|Fragrance_ingredients|Fragrance ingredients|https://www.parfumo.com/Fragrance_Notes/Fragrance_ingredients|680|c116;c172;c183;c20;c229;c232;c255;c29;c298;c318;c373;c414;c480;c529;c594;c595;c643;c9
c235|Frangipani|Frangipani|https://www.parfumo.com/Fragrance_Notes/Frangipani|34|c231
c236|Freesia|Freesia|https://www.parfumo.com/Fragrance_Notes/Freesia|20|c231
c239|Fruits|Fruits|https://www.parfumo.com/Fragrance_Notes/Fruits|477|c129;c143;c187;c199;c210;c240;c253;c263;c264;c268;c27;c28;c307;c314;c324;c361;c374;c375;c39;c392;c394;c401;c423;c456;c462;c466;c469;c47;c477;c489;c496;c498;c507;c515;c518;c547;c578;c634;c652;c66
c240|Fruity_notes|Fruity notes|https://www.parfumo.com/Fragrance_Notes/Fruity_notes|319|c217;c239;c286;c314;c422;c428;c436;c446;c512;c527;c534;c547;c583;c601;c622;c66
c243|Galbanum|Galbanum|https://www.parfumo.com/Fragrance_Notes/Galbanum|16|c524
c245|Gardenia|Gardenia|https://www.parfumo.com/Fragrance_Notes/Gardenia|30|c231;c660
c248|Geranium|Geranium|https://www.parfumo.com/Fragrance_Notes/Geranium|47|c231
c261|Gourmandy_notes|Gourmandy notes|https://www.parfumo.com/Fragrance_Notes/Gourmandy_notes|586|c101;c109;c127;c134;c157;c178;c206;c209;c216;c272;c289;c297;c340;c356;c381;c390;c396;c41;c413;c419;c463;c500;c504;c505;c511;c553;c564;c571;c581;c584;c588;c592;c596;c627;c67;c671;c678;c681;c683;c69;c691;c701;c90;c97
c265|Grasses|Grasses|https://www.parfumo.com/Fragrance_Notes/Grasses|134|c102;c190;c266;c274;c282;c338;c452;c589;c642
c266|Green_notes|Green notes|https://www.parfumo.com/Fragrance_Notes/Green_notes|319|c102;c11;c14;c152;c154;c166;c182;c224;c225;c232;c265;c282;c284;c285;c304;c314;c321;c336;c341;c360;c386;c402;c454;c459;c46;c465;c493;c494;c50;c527;c54;c55;c560;c576;c607;c639;c642;c645;c686;c7;c94;c99
c273|Hawthorn|Hawthorn|https://www.parfumo.com/Fragrance_Notes/Hawthorn|10|c231
c284|Herbaceous_notes|Herbaceous notes|https://www.parfumo.com/Fragrance_Notes/Herbaceous_notes|340|c1;c106;c108;c120;c124;c146;c179;c201;c205;c220;c222;c23;c231;c247;c254;c258;c26;c266;c285;c33;c332;c333;c336;c338;c34;c360;c380;c393;c400;c410;c418;c425;c444;c460;c476;c494;c52;c535;c541;c555;c565;c566;c567;c604;c606;c616;c635;c672;c92
c289|Honey|Honey|https://www.parfumo.com/Fragrance_Notes/Honey|146|c261;c422;c571;c59
c300|incense|Incense|https://www.parfumo.com/Fragrance_Notes/incense|97|c168;c211;c417;c437;c44;c440;c445;c45;c453;c524;c525;c546;c561;c6
c303|Iris|Iris|https://www.parfumo.com/Fragrance_Notes/Iris|133|c231;c503
c308|Jasmine|Jasmine|https://www.parfumo.com/Fragrance_Notes/Jasmine|147|c231;c309;c310;c311;c312;c660
c312|jasminum-sambac|Jasminum sambac|https://www.parfumo.com/Fragrance_Notes/jasminum-sambac|13|c308;c310;c311
c315|Juniper|Juniper|https://www.parfumo.com/Fragrance_Notes/Juniper|73|c250;c567;c66
c333|Lavender|Lavender|https://www.parfumo.com/Fragrance_Notes/Lavender|94|c231;c284;c285
c334|Leather|Leather|https://www.parfumo.com/Fragrance_Notes/Leather|50|c25;c335;c539;c580
c337|Lemon|Lemon|https://www.parfumo.com/Fragrance_Notes/Lemon|126|c141;c143
c346|Lily_of_the_valley|Lily-of-the-valley|https://www.parfumo.com/Fragrance_Notes/Lily_of_the_valley|21|c231;c660
c365|Magnolia|Magnolia|https://www.parfumo.com/Fragrance_Notes/Magnolia|63|c125;c231
c371|Mandarin|Mandarin|https://www.parfumo.com/Fragrance_Notes/Mandarin|124|c141;c143;c150;c548;c603
c385|Mastic|Mastic|https://www.parfumo.com/Fragrance_Notes/Mastic|12|c524
c397|Mimosa|Mimosa|https://www.parfumo.com/Fragrance_Notes/Mimosa|27|c231
c400|Mint|Mint|https://www.parfumo.com/Fragrance_Notes/Mint|78|c284;c285;c476;c565
c407|moss|Moss|https://www.parfumo.com/Fragrance_Notes/moss|39|c408;c430;c626
c408|Mossy_notes|Mossy notes|https://www.parfumo.com/Fragrance_Notes/Mossy_notes|76|c343;c407;c430;c626
c414|Musk|Musk|https://www.parfumo.com/Fragrance_Notes/Musk|120|c19;c202;c234;c25;c559
c417|Myrrh|Myrrh|https://www.parfumo.com/Fragrance_Notes/Myrrh|46|c300;c445;c524
c422|nectar|Nectar|https://www.parfumo.com/Fragrance_Notes/nectar|72|c231;c233;c240;c289;c314
c424|Neroli|Neroli|https://www.parfumo.com/Fragrance_Notes/Neroli|37|c141;c231;c70;c71
c430|Oakmoss|Oakmoss|https://www.parfumo.com/Fragrance_Notes/Oakmoss|42|c407;c408;c626
c435|olfactory-qualities|Olfactory qualities|https://www.parfumo.com/Fragrance_Notes/olfactory-qualities|51|c426
c440|Opoponax|Opoponax|https://www.parfumo.com/Fragrance_Notes/Opoponax|18|c300;c524
c441|Orange|Orange|https://www.parfumo.com/Fragrance_Notes/Orange|131|c141;c442
c442|Orange_blossom|Orange blossom|https://www.parfumo.com/Fragrance_Notes/Orange_blossom|55|c231;c233;c441;c660;c71
c443|Orchid|Orchid|https://www.parfumo.com/Fragrance_Notes/Orchid|107|c231;c637
c445|Oriental_notes|Oriental notes|https://www.parfumo.com/Fragrance_Notes/Oriental_notes|273|c300;c417;c464;c6;c623;c636;c64
c464|Patchouli|Patchouli|https://www.parfumo.com/Fragrance_Notes/Patchouli|63|c214;c445
c466|Peach|Peach|https://www.parfumo.com/Fragrance_Notes/Peach|87|c239
c475|Pepper|Pepper|https://www.parfumo.com/Fragrance_Notes/Pepper|116|c133;c364;c490;c557;c566;c567;c661;c74
c478|Peru_balm|Peru balm|https://www.parfumo.com/Fragrance_Notes/Peru_balm|5|c44
c479|Petitgrain|Petitgrain|https://www.parfumo.com/Fragrance_Notes/Petitgrain|29|c141;c70
c490|Pink_pepper|Pink pepper|https://www.parfumo.com/Fragrance_Notes/Pink_pepper|35|c364;c475;c566
c496|Plum|Plum|https://www.parfumo.com/Fragrance_Notes/Plum|73|c239;c401;c78
c686|poisonous-plant|Poisonous plant|https://www.parfumo.com/Fragrance_Notes/poisonous-plant|91|c266;c419;c494;c697
c503|Powdery_notes|Powdery notes|https://www.parfumo.com/Fragrance_Notes/Powdery_notes|80|c303;c704
c524|Resinous_notes|Resinous notes|https://www.parfumo.com/Fragrance_Notes/Resinous_notes|213|c211;c218;c243;c300;c313;c329;c385;c417;c43;c44;c440;c45;c494;c525;c577;c59;c605;c64;c653
c525|resins|Resins|https://www.parfumo.com/Fragrance_Notes/resins|99|c140;c300;c44;c524
c527|Rhubarb|Rhubarb|https://www.parfumo.com/Fragrance_Notes/Rhubarb|22|c240;c266;c639
c530|Robinia|Robinia|https://www.parfumo.com/Fragrance_Notes/Robinia|6|c231
c688|roots|Roots|https://www.parfumo.com/Fragrance_Notes/roots|109|c494
c533|Rose|Rose|https://www.parfumo.com/Fragrance_Notes/Rose|435|c196;c207;c231;c244;c389;c452;c532;c534;c608;c631;c662;c95
c535|Rosemary|Rosemary|https://www.parfumo.com/Fragrance_Notes/Rosemary|24|c284;c285
c536|Rosewood|Rosewood|https://www.parfumo.com/Fragrance_Notes/Rosewood|20|c669
c546|Sandalwood|Sandalwood|https://www.parfumo.com/Fragrance_Notes/Sandalwood|100|c300;c669
c561|Smoky_notes|Smoky notes|https://www.parfumo.com/Fragrance_Notes/Smoky_notes|227|c300;c323;c330;c696
c566|spices|Spices|https://www.parfumo.com/Fragrance_Notes/spices|42|c110;c111;c12;c133;c139;c151;c184;c188;c205;c222;c251;c284;c336;c416;c427;c458;c475;c490;c540;c552;c557;c567;c573;c632;c661;c72;c74
c567|Spicy_notes|Spicy notes|https://www.parfumo.com/Fragrance_Notes/Spicy_notes|368|c110;c111;c12;c120;c133;c139;c151;c169;c184;c188;c222;c223;c251;c26;c284;c285;c315;c332;c416;c427;c458;c475;c53;c540;c550;c552;c555;c566;c573;c632;c72
c577|Storax|Storax|https://www.parfumo.com/Fragrance_Notes/Storax|19|c524
c598|Tahitian_vanilla|Tahitian vanilla|https://www.parfumo.com/Fragrance_Notes/Tahitian_vanilla|4|c636
c618|Tobacco|Tobacco|https://www.parfumo.com/Fragrance_Notes/Tobacco|122|c138;c619
c623|Tonka_bean|Tonka bean|https://www.parfumo.com/Fragrance_Notes/Tonka_bean|47|c183;c445
c628|Tuberose|Tuberose|https://www.parfumo.com/Fragrance_Notes/Tuberose|36|c231;c660
c636|Vanilla|Vanilla|https://www.parfumo.com/Fragrance_Notes/Vanilla|157|c445;c598;c637;c85
c642|Vetiver|Vetiver|https://www.parfumo.com/Fragrance_Notes/Vetiver|72|c265;c266;c669
c644|Violet|Violet|https://www.parfumo.com/Fragrance_Notes/Violet|54|c231;c5;c645
c660|White_flowers|White flowers|https://www.parfumo.com/Fragrance_Notes/White_flowers|160|c231;c245;c308;c346;c442;c617;c628;c676
c668|woods|Woods|https://www.parfumo.com/Fragrance_Notes/woods|306|c215;c366;c384;c494;c522;c6;c669;c98
c669|Woody_notes|Woody notes|https://www.parfumo.com/Fragrance_Notes/Woody_notes|503|c10;c116;c119;c130;c166;c191;c212;c215;c219;c242;c287;c288;c305;c320;c352;c36;c366;c376;c377;c38;c384;c409;c411;c429;c433;c449;c450;c451;c457;c459;c494;c50;c501;c536;c546;c56;c609;c610;c615;c630;c642;c646;c654;c665;c668;c68;c98
c676|Ylang_ylang|Ylang-ylang|https://www.parfumo.com/Fragrance_Notes/Ylang_ylang|33|c231;c660
