n_id|slug|name|url|image_url|total_perfumes|common_position|first_year|last_year|categories|summary_text|n_id_aliases_p|n_id_primary_name_p
72|Amber|Amber|https://www.parfumo.com/Fragrance_Note/Amber|https://media.parfumo.com/notes_png/13/13_2a7ce02a17d01fd8065354e774c4cb2c7197fc1c_1200.png|41561|base|1709|2026|c17|Parfumo knows 41561 perfumes which contain the fragrance note Amber . It often occurs in the base note of a perfume. The fragrance note appeared first in the year 1709 and last in 2026 .||
93|Ambergris|Ambergris|https://www.parfumo.com/Fragrance_Note/Ambergris|https://media.parfumo.com/notes_png/04/04_62cd899d4a511c4e74f3c0e0465cfb38d868c5dc_1200.png|9620|base|1768|2026|c18;c25|Parfumo knows 9620 perfumes which contain the fragrance note Ambergris . It often occurs in the base note of a perfume. The fragrance note appeared first in the year 1768 and last in 2026 .|3628:Ambergris|
111|Ambrette_seed|Ambrette seed|https://www.parfumo.com/Fragrance_Note/Ambrette_seed|https://media.parfumo.com/notes_png/ff/ff_269bb8310dda02c6ba29d854896f2d587adfd64e_1200.png|1306|base|1950|2026|c19|Parfumo knows 1306 perfumes which contain the fragrance note Ambrette seed . It often occurs in the base note of a perfume. The fragrance note appeared first in the year 1950 and last in 2026 .||
115|Ambroxan|Ambroxan|https://www.parfumo.com/Fragrance_Note/Ambroxan|https://media.parfumo.com/notes_png/c8/c8_7186688cc842283c354c8b067a6cc9f4032c9369_1200.png|2557|base|1950|2026|c18;c20;c25;c234|Parfumo knows 2557 perfumes which contain the fragrance note Ambroxan . It often occurs in the base note of a perfume. The fragrance note appeared first in the year 1950 and last in 2026 .||
3296|Australian_sandalwood|Australian sandalwood|https://www.parfumo.com/Fragrance_Note/Australian_sandalwood|https://media.parfumo.com/notes_png/68/68_0e1b18b39f7d76dad8507423479b60872dd2a97e_1200.png|1187|base|1984|2026|c546|Parfumo knows 1187 perfumes which contain the fragrance note Australian sandalwood . It often occurs in the base note of a perfume. The fragrance note appeared first in the year 1984 and last in 2026 .||
249|Basil|Basil|https://www.parfumo.com/Fragrance_Note/Basil|https://media.parfumo.com/notes_png/5a/5a_9a96ae0524fa8501003dcace5b9265f9bd1312ff_1200.png|3494|top|1872|2026|c52;c284|Parfumo knows 3494 perfumes which contain the fragrance note Basil . It often occurs in the top note of a perfume. The fragrance note appeared first in the year 1872 and last in 2026 .||
2614|benzoin-siam|Siam benzoin|https://www.parfumo.com/Fragrance_Note/benzoin-siam|https://media.parfumo.com/notes_png/14/14_08a482d3f932d40a6b057ec6bcb0aaae3ffaa248_1200.png|987|base|1981|2026|c64|Parfumo knows 987 perfumes which contain the fragrance note Siam benzoin . It often occurs in the base note of a perfume. The fragrance note appeared first in the year 1981 and last in 2026 .||
311|Bergamot|Bergamot|https://www.parfumo.com/Fragrance_Note/Bergamot|https://media.parfumo.com/notes_png/ab/ab_4bf90f62ca74630b24f6a16079bdee257c7f677b_1200.png|40879|top|1709|2026|c65;c141|Parfumo knows 40879 perfumes which contain the fragrance note Bergamot . It often occurs in the top note of a perfume. The fragrance note appeared first in the year 1709 and last in 2026 .||
2400|Black_locust|Black locust|https://www.parfumo.com/Fragrance_Note/Black_locust|https://media.parfumo.com/notes_png/b8/b8_1394e58591e1a0ecccd751a33e6c09bfa62dbc4b_1200.png|33|heart|1983|2026|c231;c686;c530|Parfumo knows 33 perfumes which contain the fragrance note Black locust . It often occurs in in the heart note of a perfume. The fragrance note appeared first in the year 1983 and last in 2026 .||
4208|Black_pepper|Black pepper|https://www.parfumo.com/Fragrance_Note/Black_pepper|https://media.parfumo.com/notes_png/48/48_34e3668ee4968902bdb90dc1d7c9cdf2312e7c3c_1200.png|6238|top|1820|2026|c74;c475;c567|Parfumo knows 6238 perfumes which contain the fragrance note Black pepper . It often occurs in the top note of a perfume. The fragrance note appeared first in the year 1820 and last in 2026 .||
4169|Blackcurrant|Blackcurrant|https://www.parfumo.com/Fragrance_Note/Blackcurrant|https://media.parfumo.com/notes_png/69/69_6dfd864599026eb083aee994533855b419a1c6a7_1200.png|9608|top|1896|2026|c73|Parfumo knows 9608 perfumes which contain the fragrance note Blackcurrant . It often occurs in the top note of a perfume. The fragrance note appeared first in the year 1896 and last in 2026 .||
1313|camomile|Chamomile|https://www.parfumo.com/Fragrance_Note/camomile|https://media.parfumo.com/notes_png/38/38_5eea84b7d3ca6bce09abbe4d7e66069496b83415_1200.png|1353|throughout the entire fragrance|1946|2026|c124;c231;c284|Parfumo knows 1353 perfumes which contain the fragrance note Chamomile . It often occurs throughout the entire fragrance of the perfume of a perfume. The fragrance note appeared first in the year 1946 and last in 2026 .||
1330|Cardamom|Cardamom|https://www.parfumo.com/Fragrance_Note/Cardamom|https://media.parfumo.com/notes_png/c2/c2_e07abcb98aa68613178b62061adbce276d9a73c1_1200.png|12281|top|1820|2026|c111;c567|Parfumo knows 12281 perfumes which contain the fragrance note Cardamom . It often occurs in the top note of a perfume. The fragrance note appeared first in the year 1820 and last in 2026 .||
862|Carnation|Carnation|https://www.parfumo.com/Fragrance_Note/Carnation|https://media.parfumo.com/notes_png/04/04_0e7abb73856f079030ec01826a57da88062bc925_1200.png|2907|heart|1768|2026|c112;c204;c233|Parfumo knows 2907 perfumes which contain the fragrance note Carnation . It often occurs in in the heart note of a perfume. The fragrance note appeared first in the year 1768 and last in 2026 .|5150:White carnation;6409:Carnation|
1360|Cassia|Cassia|https://www.parfumo.com/Fragrance_Note/Cassia|https://media.parfumo.com/notes_png/81/81_91175472524043d8d9769145385892d4712ce837_1200.png|410|throughout the entire fragrance|1895|2026|c117|Parfumo knows 410 perfumes which contain the fragrance note Cassia . It often occurs throughout the entire fragrance of the perfume of a perfume. The fragrance note appeared first in the year 1895 and last in 2026 .||
3129|Cedar|Cedar|https://www.parfumo.com/Fragrance_Note/Cedar|https://media.parfumo.com/notes_png/9d/9d_0c859edc14648ab5d70d47699582f2c8e9479c6b_1200.png|13520|base|1825|2026|c119;c166|Parfumo knows 13520 perfumes which contain the fragrance note Cedar . It often occurs in the base note of a perfume. The fragrance note appeared first in the year 1825 and last in 2026 .||
3140|Cedarwood|Cedarwood|https://www.parfumo.com/Fragrance_Note/Cedarwood|https://media.parfumo.com/notes_png/58/58_e9b965c0c7b7efc501676986f5ee5507de92fb56_1200.png|19148|base|1768|2026|c119;c668;c669|Parfumo knows 19148 perfumes which contain the fragrance note Cedarwood . It often occurs in the base note of a perfume. The fragrance note appeared first in the year 1768 and last in 2026 .||
3381|Chinese_magnolia|Chinese magnolia|https://www.parfumo.com/Fragrance_Note/Chinese_magnolia|https://media.parfumo.com/notes_png/54/54_ce15011b176991acc30eec5bbde76a8d3c0752ac_1200.png|51|throughout the entire fragrance|2004|2026|c365|Parfumo knows 51 perfumes which contain the fragrance note Chinese magnolia . It often occurs throughout the entire fragrance of the perfume of a perfume. The fragrance note appeared first in the year 2004 and last in 2026 .||
3158|Cinnamon|Cinnamon|https://www.parfumo.com/Fragrance_Note/Cinnamon|https://media.parfumo.com/notes_png/30/30_f70ab2e7b86ea3671e8088aeb933462918bc58b8_1200.png|9675|heart|1808|2026|c139;c567|Parfumo knows 9675 perfumes which contain the fragrance note Cinnamon . It often occurs in in the heart note of a perfume. The fragrance note appeared first in the year 1808 and last in 2026 .||
3173|Cistus|Cistus|https://www.parfumo.com/Fragrance_Note/Cistus|https://media.parfumo.com/notes_png/68/68_a948cb255e44040541f58ae15e5891a106923d6d_1200.png|1789|base|1929|2026|c44;c140|Parfumo knows 1789 perfumes which contain the fragrance note Cistus . It often occurs in the base note of a perfume. The fragrance note appeared first in the year 1929 and last in 2026 .||
16122|comorian-ylang-ylang|Comorian ylang-ylang|https://www.parfumo.com/Fragrance_Note/comorian-ylang-ylang|https://media.parfumo.com/notes_png/44/44_a90a7567c36ef3a18ae3755af852596e98c8a5fe_1200.png|159|heart|1977|2026|c676|Parfumo knows 159 perfumes which contain the fragrance note Comorian ylang-ylang . It often occurs in in the heart note of a perfume. The fragrance note appeared first in the year 1977 and last in 2026 .||
1443|Coriander|Coriander|https://www.parfumo.com/Fragrance_Note/Coriander|https://media.parfumo.com/notes_png/87/87_7e10bbe6f70958e076611458958abab7d9cb4d42_1200.png|4397|top|1822|2026|c169;c567|Parfumo knows 4397 perfumes which contain the fragrance note Coriander . It often occurs in the top note of a perfume. The fragrance note appeared first in the year 1822 and last in 2026 .||
1457|Cumin|Cumin|https://www.parfumo.com/Fragrance_Note/Cumin|https://media.parfumo.com/notes_png/0e/0e_85d8c68d1028b10b551cadde7dee0ae696f0d75b_1200.png|1458|top|1912|2026|c184;c567|Parfumo knows 1458 perfumes which contain the fragrance note Cumin . It often occurs in the top note of a perfume. The fragrance note appeared first in the year 1912 and last in 2026 .||
812|Frangipani|Frangipani|https://www.parfumo.com/Fragrance_Note/Frangipani|https://media.parfumo.com/notes_png/d7/d7_a8356e4b66d4f915fb034426fc66d61bbc81b03c_1200.png|1887|heart|1981|2026|c231;c233;c235|Parfumo knows 1887 perfumes which contain the fragrance note Frangipani . It often occurs in in the heart note of a perfume. The fragrance note appeared first in the year 1981 and last in 2026 .||
3032|Frankincense|Frankincense|https://www.parfumo.com/Fragrance_Note/Frankincense|https://media.parfumo.com/notes_png/90/90_87bd8850f13417f9218ff7061e6ec8bc5a141da0_1200.png|13589|throughout the entire fragrance|1859|2026|c300;c445;c561|Parfumo knows 13589 perfumes which contain the fragrance note Frankincense . It often occurs throughout the entire fragrance of the perfume of a perfume. The fragrance note appeared first in the year 1859 and last in 2026 .||
816|Freesia|Freesia|https://www.parfumo.com/Fragrance_Note/Freesia|https://media.parfumo.com/notes_png/86/86_fbcf1a6abe62625f534391fb838c8eafb02b10c8_1200.png|6379|heart|1880|2026|c231;c233;c236|Parfumo knows 6379 perfumes which contain the fragrance note Freesia . It often occurs in in the heart note of a perfume. The fragrance note appeared first in the year 1880 and last in 2026 .||
14513|french-lavender|French lavender|https://www.parfumo.com/Fragrance_Note/french-lavender|https://media.parfumo.com/notes_png/36/36_af525c9de3ee0c8fbf8a7c92b18b44691256f323_1200.png|135|throughout the entire fragrance|1961|2026|c231;c284;c333|Parfumo knows 135 perfumes which contain the fragrance note French lavender . It often occurs throughout the entire fragrance of the perfume of a perfume. The fragrance note appeared first in the year 1961 and last in 2026 .|3488:French lavender|French lavender
6902|French_clary_sage|French clary sage|https://www.parfumo.com/Fragrance_Note/French_clary_sage|https://media.parfumo.com/notes_png/d1/d1_3bb5a0976000a31335cd8fe78f81215b600d57d9_1200.png|68|heart|1944|2026|c146|Parfumo knows 68 perfumes which contain the fragrance note French clary sage . It often occurs in in the heart note of a perfume. The fragrance note appeared first in the year 1944 and last in 2026 .||
3515|Fruity_notes|Fruity notes|https://www.parfumo.com/Fragrance_Note/Fruity_notes|https://media.parfumo.com/notes_png/22/22_4e1995a61c67f08199d39fdea28587e8ac2f8f3f_1200.png|2767|top|1925|2026|c239;c240;c435|Parfumo knows 2767 perfumes which contain the fragrance note Fruity notes . It often occurs in the top note of a perfume. The fragrance note appeared first in the year 1925 and last in 2026 .||
850|Galbanum|Galbanum|https://www.parfumo.com/Fragrance_Note/Galbanum|https://media.parfumo.com/notes_png/47/47_c40e51bebca779d0afd68faacd13d7a409fe0383_1200.png|3151|top|1895|2026|c243;c524;c525|Parfumo knows 3151 perfumes which contain the fragrance note Galbanum . It often occurs in the top note of a perfume. The fragrance note appeared first in the year 1895 and last in 2026 .||
856|Gardenia|Gardenia|https://www.parfumo.com/Fragrance_Note/Gardenia|https://media.parfumo.com/notes_png/be/be_8697adfbd301134ed098801fc2c9776fc58116c0_1200.png|4668|heart|1879|2026|c231;c233;c245;c660|Parfumo knows 4668 perfumes which contain the fragrance note Gardenia . It often occurs in in the heart note of a perfume. The fragrance note appeared first in the year 1879 and last in 2026 .||
4760|Geranium|Geranium|https://www.parfumo.com/Fragrance_Note/Geranium|https://media.parfumo.com/notes_png/0b/0b_52ac66c87ceef9014846e5d3c56ef248d76e45c4_1200.png|9705|heart|1768|2026|c231;c248|Parfumo knows 9705 perfumes which contain the fragrance note Geranium . It often occurs in in the heart note of a perfume. The fragrance note appeared first in the year 1768 and last in 2026 .||
3674|Green_notes|Green notes|https://www.parfumo.com/Fragrance_Note/Green_notes|https://media.parfumo.com/notes_png/ab/ab_e2790d2baaf15bde923cba4db3681fb28b805d59_1200.png|4681|top|1765|2026|c266;c435|Parfumo knows 4681 perfumes which contain the fragrance note Green notes . It often occurs in the top note of a perfume. The fragrance note appeared first in the year 1765 and last in 2026 .||
3053|Hawthorn|Hawthorn|https://www.parfumo.com/Fragrance_Note/Hawthorn|https://media.parfumo.com/notes_png/f8/f8_fcff105e71332b2cc974ee6eaff4bd54459ae9f0_1200.png|503|heart|1896|2026|c231;c273|Parfumo knows 503 perfumes which contain the fragrance note Hawthorn . It often occurs in in the heart note of a perfume. The fragrance note appeared first in the year 1896 and last in 2026 .||
1138|Honey|Honey|https://www.parfumo.com/Fragrance_Note/Honey|https://media.parfumo.com/notes_png/34/34_887fe835b68c9c9de6b14038b79bcb4780045716_1200.png|5268|throughout the entire fragrance|1895|2026|c261;c289;c422|Parfumo knows 5268 perfumes which contain the fragrance note Honey . It often occurs throughout the entire fragrance of the perfume of a perfume. The fragrance note appeared first in the year 1895 and last in 2026 .||
1150|Honeycomb|Honeycomb|https://www.parfumo.com/Fragrance_Note/Honeycomb|https://media.parfumo.com/notes_png/e3/e3_50227c8a090af47df12e85c333f760579e012d1a_1200.png|154|throughout the entire fragrance|1996|2026|c289|Parfumo knows 154 perfumes which contain the fragrance note Honeycomb . It often occurs throughout the entire fragrance of the perfume of a perfume. The fragrance note appeared first in the year 1996 and last in 2026 .||
1217|Jasmine|Jasmine|https://www.parfumo.com/Fragrance_Note/Jasmine|https://media.parfumo.com/notes_png/c6/c6_14db80bf2760dc8f65770553588401c383e109de_1200.png|38067|heart|1709|2026|c231;c233;c308;c660|Parfumo knows 38067 perfumes which contain the fragrance note Jasmine . It often occurs in in the heart note of a perfume. The fragrance note appeared first in the year 1709 and last in 2026 .||
1226|Jasmine_sambac|Jasmine sambac|https://www.parfumo.com/Fragrance_Note/Jasmine_sambac|https://media.parfumo.com/notes_png/c6/c6_14db80bf2760dc8f65770553588401c383e109de_1200.png|3743|heart|1922|2026|c231;c233;c308;c312;c660|Parfumo knows 3743 perfumes which contain the fragrance note Jasmine sambac . It often occurs in in the heart note of a perfume. The fragrance note appeared first in the year 1922 and last in 2026 .||
2957|Juniper_berry|Juniper berry|https://www.parfumo.com/Fragrance_Note/Juniper_berry|https://media.parfumo.com/notes_png/22/22_30f004af8c5e505c0cd01e0c88031f30025fbdce_1200.png|2102|top|1882|2026|c315|Parfumo knows 2102 perfumes which contain the fragrance note Juniper berry . It often occurs in the top note of a perfume. The fragrance note appeared first in the year 1882 and last in 2026 .||
1525|Lavender|Lavender|https://www.parfumo.com/Fragrance_Note/Lavender|https://media.parfumo.com/notes_png/36/36_af525c9de3ee0c8fbf8a7c92b18b44691256f323_1200.png|15194|heart|1768|2026|c231;c233;c284;c333|Parfumo knows 15194 perfumes which contain the fragrance note Lavender . It often occurs in in the heart note of a perfume. The fragrance note appeared first in the year 1768 and last in 2026 .||
1537|Leather|Leather|https://www.parfumo.com/Fragrance_Note/Leather|https://media.parfumo.com/notes_png/fd/fd_87ea553e2ba893720a4d63223fb9bbecc007156b_1200.png|11425|base|1768|2026|c25;c334|Parfumo knows 11425 perfumes which contain the fragrance note Leather . It often occurs in the base note of a perfume. The fragrance note appeared first in the year 1768 and last in 2026 .||
3177|Lemon|Lemon|https://www.parfumo.com/Fragrance_Note/Lemon|https://media.parfumo.com/notes_png/f4/f4_1f498670bf986b8632d3d0402a8ad6c656c5ae39_1200.png|18342|top|1709|2026|c141;c143;c337|Parfumo knows 18342 perfumes which contain the fragrance note Lemon . It often occurs in the top note of a perfume. The fragrance note appeared first in the year 1709 and last in 2026 .||
1676|Lily_of_the_valley|Lily of the valley|https://www.parfumo.com/Fragrance_Note/Lily_of_the_valley|https://media.parfumo.com/notes_png/8a/8a_59e27854eb884d5c8728b2f2ce78da19561d50a5_1200.png|12315|heart|1765|2026|c231;c346;c686;c660|Parfumo knows 12315 perfumes which contain the fragrance note Lily of the valley . It often occurs in in the heart note of a perfume. The fragrance note appeared first in the year 1765 and last in 2026 .||
1702|Mandarin|Mandarin orange|https://www.parfumo.com/Fragrance_Note/Mandarin|https://media.parfumo.com/notes_png/ca/ca_05c8a4302ec057bb97f4de507399893701920bf6_1200.png|17249|top|1859|2026|c141;c143;c371|Parfumo knows 17249 perfumes which contain the fragrance note Mandarin orange . It often occurs in the top note of a perfume. The fragrance note appeared first in the year 1859 and last in 2026 .||
5844|Mastic_resin|Mastic|https://www.parfumo.com/Fragrance_Note/Mastic_resin|https://media.parfumo.com/notes_png/33/33_f22672f55139e650ee1045c7f186833f30598b50_1200.png|380|throughout the entire fragrance|1979|2026|c385;c524|Parfumo knows 380 perfumes which contain the fragrance note Mastic . It often occurs throughout the entire fragrance of the perfume of a perfume. The fragrance note appeared first in the year 1979 and last in 2026 .||
1844|Mimosa|Mimosa|https://www.parfumo.com/Fragrance_Note/Mimosa|https://media.parfumo.com/notes_png/84/84_feb7670458e9f37b73ac2ea676c452a1ca79b82a_1200.png|2299|heart|1879|2026|c231;c397|Parfumo knows 2299 perfumes which contain the fragrance note Mimosa . It often occurs in in the heart note of a perfume. The fragrance note appeared first in the year 1879 and last in 2026 .||
1859|Mint|Mint|https://www.parfumo.com/Fragrance_Note/Mint|https://media.parfumo.com/notes_png/05/05_81c79739265627e4165f112ee703cb8ab1a4140d_1200.png|4633|top|1820|2026|c284;c400|Parfumo knows 4633 perfumes which contain the fragrance note Mint . It often occurs in the top note of a perfume. The fragrance note appeared first in the year 1820 and last in 2026 .||
1887|Moss|Moss|https://www.parfumo.com/Fragrance_Note/Moss|https://media.parfumo.com/notes_png/31/31_1192c56c30453be7c7e418211c4b18d1e83f2b95_1200.png|5694|base|1768|2026|c407;c408|Parfumo knows 5694 perfumes which contain the fragrance note Moss . It often occurs in the base note of a perfume. The fragrance note appeared first in the year 1768 and last in 2026 .||
1894|Musk|Musk|https://www.parfumo.com/Fragrance_Note/Musk|https://media.parfumo.com/notes_png/9b/9b_5defe06fd0240a8472dddf9cd126f430a07cc270_1200.png|55911|base|1668|2026|c414|Parfumo knows 55911 perfumes which contain the fragrance note Musk . It often occurs in the base note of a perfume. The fragrance note appeared first in the year 1668 and last in 2026 .||
1956|Myrrh|Myrrh|https://www.parfumo.com/Fragrance_Note/Myrrh|https://media.parfumo.com/notes_png/e7/e7_90df9248dc86863bcf070b9efe332e2a2a68097b_1200.png|4508|throughout the entire fragrance|1920|2026|c417;c445;c524|Parfumo knows 4508 perfumes which contain the fragrance note Myrrh . It often occurs throughout the entire fragrance of the perfume of a perfume. The fragrance note appeared first in the year 1920 and last in 2026 .||
1998|Neroli|Neroli|https://www.parfumo.com/Fragrance_Note/Neroli|https://media.parfumo.com/notes_png/77/77_b9e4b4fbf9f4b0465347763a7ff981dd3d336094_1200.png|7879|top|1709|2026|c141;c231;c424;c660|Parfumo knows 7879 perfumes which contain the fragrance note Neroli . It often occurs in the top note of a perfume. The fragrance note appeared first in the year 1709 and last in 2026 .||
693|Oakmoss|Oakmoss|https://www.parfumo.com/Fragrance_Note/Oakmoss|https://media.parfumo.com/notes_png/25/25_13a7b2d617b89bd3cad484bb4edd58ebf005a95f_1200.png|10112|base|1860|2026|c408;c430|Parfumo knows 10112 perfumes which contain the fragrance note Oakmoss . It often occurs in the base note of a perfume. The fragrance note appeared first in the year 1860 and last in 2026 .||
2046|Opoponax|Opoponax|https://www.parfumo.com/Fragrance_Note/Opoponax|https://media.parfumo.com/notes_png/a1/a1_ba03463f020f6c2f555e6925277c5cbba4c9123b_1200.png|1407|base|1859|2026|c440;c524|Parfumo knows 1407 perfumes which contain the fragrance note Opoponax . It often occurs in the base note of a perfume. The fragrance note appeared first in the year 1859 and last in 2026 .||
2061|Orange_blossom|Orange blossom|https://www.parfumo.com/Fragrance_Note/Orange_blossom|https://media.parfumo.com/notes_png/77/77_b9e4b4fbf9f4b0465347763a7ff981dd3d336094_1200.png|13356|heart|1853|2026|c231;c233;c442;c660|Parfumo knows 13356 perfumes which contain the fragrance note Orange blossom . It often occurs in in the heart note of a perfume. The fragrance note appeared first in the year 1853 and last in 2026 .||
2087|Orchid|Orchid|https://www.parfumo.com/Fragrance_Note/Orchid|https://media.parfumo.com/notes_png/47/47_485f3c4858e950860cb1e09749dd2cdf8812bd70_1200.png|2938|heart|1890|2026|c231;c443|Parfumo knows 2938 perfumes which contain the fragrance note Orchid . It often occurs in in the heart note of a perfume. The fragrance note appeared first in the year 1890 and last in 2026 .||
1192|Orris_root|Orris root|https://www.parfumo.com/Fragrance_Note/Orris_root|https://media.parfumo.com/notes_png/1b/1b_c4b5c7d9f68c3a673c5b4984607c0fe3d8e0fbee_1200.png|2768|heart|1872|2026|c303;c503;c688|Parfumo knows 2768 perfumes which contain the fragrance note Orris root . It often occurs in in the heart note of a perfume. The fragrance note appeared first in the year 1872 and last in 2026 .||
2173|Patchouli|Patchouli|https://www.parfumo.com/Fragrance_Note/Patchouli|https://media.parfumo.com/notes_png/15/15_216f5a044e0c7318aa155a56a5e5ab342d32046e_1200.png|38273|base|1768|2026|c214;c445;c464|Parfumo knows 38273 perfumes which contain the fragrance note Patchouli . It often occurs in the base note of a perfume. The fragrance note appeared first in the year 1768 and last in 2026 .||
2239|Peach|Peach|https://www.parfumo.com/Fragrance_Note/Peach|https://media.parfumo.com/notes_png/0d/0d_1361b5cdfd2ec806c33ec1fbe4c76defc9048990_1200.png|8938|top|1860|2026|c239;c240;c466|Parfumo knows 8938 perfumes which contain the fragrance note Peach . It often occurs in the top note of a perfume. The fragrance note appeared first in the year 1860 and last in 2026 .||
2207|Peru_balsam|Peru balsam|https://www.parfumo.com/Fragrance_Note/Peru_balsam|https://media.parfumo.com/notes_png/85/85_e749c51ee4331418b599a4973586a4b4909e27c8_1200.png|1456|base|1909|2026|c44;c478;c524|Parfumo knows 1456 perfumes which contain the fragrance note Peru balsam . It often occurs in the base note of a perfume. The fragrance note appeared first in the year 1909 and last in 2026 .||
2212|Petitgrain|Petitgrain|https://www.parfumo.com/Fragrance_Note/Petitgrain|https://media.parfumo.com/notes_png/2d/2d_0dba68a979647e1cc02696069ca2c6bafb6de88b_1200.png|3224|top|1768|2026|c141;c479|Parfumo knows 3224 perfumes which contain the fragrance note Petitgrain . It often occurs in the top note of a perfume. The fragrance note appeared first in the year 1768 and last in 2026 .||
2408|Pink_pepper|Pink pepper|https://www.parfumo.com/Fragrance_Note/Pink_pepper|https://media.parfumo.com/notes_png/fb/fb_d8f4a8ec9391c455de9dad870411ddf1bacf074f_1200.png|11499|top|1863|2026|c475;c490;c567|Parfumo knows 11499 perfumes which contain the fragrance note Pink pepper . It often occurs in the top note of a perfume. The fragrance note appeared first in the year 1863 and last in 2026 .||
2258|Plum|Plum|https://www.parfumo.com/Fragrance_Note/Plum|https://media.parfumo.com/notes_png/9d/9d_2a91d2c7601ced0966c75b23f82b58d5771da1b3_1200.png|4142|top|1907|2026|c239;c240;c496|Parfumo knows 4142 perfumes which contain the fragrance note Plum . It often occurs in the top note of a perfume. The fragrance note appeared first in the year 1907 and last in 2026 .||
2461|Red_berries|Red berries|https://www.parfumo.com/Fragrance_Note/Red_berries|https://media.parfumo.com/notes_png/e5/e5_752f7150621f121f5e4222b9425c5d2f008ce777_1200.png|1002|top|1925|2026|c66|Parfumo knows 1002 perfumes which contain the fragrance note Red berries . It often occurs in the top note of a perfume. The fragrance note appeared first in the year 1925 and last in 2026 .||
2381|Rhubarb|Rhubarb|https://www.parfumo.com/Fragrance_Note/Rhubarb|https://media.parfumo.com/notes_png/bf/bf_754d884954c978c763b510962dfd7db3a43daac3_1200.png|1597|top|1822|2026|c240;c527|Parfumo knows 1597 perfumes which contain the fragrance note Rhubarb . It often occurs in the top note of a perfume. The fragrance note appeared first in the year 1822 and last in 2026 .||
2412|Rose|Rose|https://www.parfumo.com/Fragrance_Note/Rose|https://media.parfumo.com/notes_png/aa/aa_6ede6c59a5008d703c7bac8c91187256f1bf8863_1200.png|31587|heart|1765|2026|c231;c533|Parfumo knows 31587 perfumes which contain the fragrance note Rose . It often occurs in in the heart note of a perfume. The fragrance note appeared first in the year 1765 and last in 2026 .||
2451|Rosemary|Rosemary|https://www.parfumo.com/Fragrance_Note/Rosemary|https://media.parfumo.com/notes_png/f2/f2_c9f22941e7e9a7a1b1e59ff8e76e30d7a73ccfa8_1200.png|4094|top|1768|2026|c284;c535|Parfumo knows 4094 perfumes which contain the fragrance note Rosemary . It often occurs in the top note of a perfume. The fragrance note appeared first in the year 1768 and last in 2026 .||
2438|Rosewood|Rosewood|https://www.parfumo.com/Fragrance_Note/Rosewood|https://media.parfumo.com/notes_png/28/28_fda2ba6cd59b1b1e7a19c1f35cd55e7deb7e0b11_1200.png|2568|throughout the entire fragrance|1822|2026|c536;c669|Parfumo knows 2568 perfumes which contain the fragrance note Rosewood . It often occurs throughout the entire fragrance of the perfume of a perfume. The fragrance note appeared first in the year 1822 and last in 2026 .||
2514|Sandalwood|Sandalwood|https://www.parfumo.com/Fragrance_Note/Sandalwood|https://media.parfumo.com/notes_png/26/26_bd99f72e655bca3fc7a81d27891c4237bc33d68a_1200.png|41897|base|1840|2026|c546;c668|Parfumo knows 41897 perfumes which contain the fragrance note Sandalwood . It often occurs in the base note of a perfume. The fragrance note appeared first in the year 1840 and last in 2026 .||
2359|Smoke|Smoke|https://www.parfumo.com/Fragrance_Note/Smoke|https://media.parfumo.com/notes_png/0b/0b_ce7649aa972192c0e2b8f73b046c1303b2023139_1200.png|1247|throughout the entire fragrance|2001|2026|c561|Parfumo knows 1247 perfumes which contain the fragrance note Smoke . It often occurs throughout the entire fragrance of the perfume of a perfume. The fragrance note appeared first in the year 2001 and last in 2026 .||
3584|Smoked_tea|Smoked tea|https://www.parfumo.com/Fragrance_Note/Smoked_tea|https://media.parfumo.com/notes_png/c7/c7_59dcc490b0fa344935dae19eae8b058c21705857_1200.png|52|throughout the entire fragrance|2006|2026|c75;c561|Parfumo knows 52 perfumes which contain the fragrance note Smoked tea . It often occurs throughout the entire fragrance of the perfume of a perfume. The fragrance note appeared first in the year 2006 and last in 2026 .||
901|Spices|Spices|https://www.parfumo.com/Fragrance_Note/Spices|https://media.parfumo.com/notes_png/56/56_6204157dd2ddc73b539ee9a129c63a02e3f6eaef_1200.png|4736|throughout the entire fragrance|1873|2026|c566;c567|Parfumo knows 4736 perfumes which contain the fragrance note Spices . It often occurs throughout the entire fragrance of the perfume of a perfume. The fragrance note appeared first in the year 1873 and last in 2026 .||
2692|Styrax|Styrax|https://www.parfumo.com/Fragrance_Note/Styrax|https://media.parfumo.com/notes_png/b6/b6_706c1b1ac09dc93e5f98214078334c95298ae1bb_1200.png|1727|base|1895|2026|c524;c577|Parfumo knows 1727 perfumes which contain the fragrance note Styrax . It often occurs in the base note of a perfume. The fragrance note appeared first in the year 1895 and last in 2026 .||
16906|tahitian-vanilla|Tahitian vanilla|https://www.parfumo.com/Fragrance_Note/tahitian-vanilla|https://media.parfumo.com/notes_png/20/20_e4919c28876ee350587aa495191905c26d0a16a9_1200.png|420|throughout the entire fragrance|1999|2026|c445;c598;c636|Parfumo knows 420 perfumes which contain the fragrance note Tahitian vanilla . It often occurs throughout the entire fragrance of the perfume of a perfume. The fragrance note appeared first in the year 1999 and last in 2026 .||
12340|Tarocco_orange|Tarocco orange|https://www.parfumo.com/Fragrance_Note/Tarocco_orange|https://media.parfumo.com/notes_png/cf/cf_82b7ebded809fec46d65d71986d713e4236ddd95_1200.png|16|top|2008|2025|c441|Parfumo knows 16 perfumes which contain the fragrance note Tarocco orange . It often occurs in the top note of a perfume. The fragrance note appeared first in the year 2008 and last in 2025 .||
2718|Tobacco|Tobacco|https://www.parfumo.com/Fragrance_Note/Tobacco|https://media.parfumo.com/notes_png/ec/ec_8d57d865c810e28a0f4c6cfef9badeb7e19bc3c0_1200.png|6249|throughout the entire fragrance|1911|2026|c618|Parfumo knows 6249 perfumes which contain the fragrance note Tobacco . It often occurs throughout the entire fragrance of the perfume of a perfume. The fragrance note appeared first in the year 1911 and last in 2026 .||
2830|Tonka_bean|Tonka bean|https://www.parfumo.com/Fragrance_Note/Tonka_bean|https://media.parfumo.com/notes_png/86/86_ab6a97837b05a04c95ebd91df2ecdaeab269a6c2_1200.png|16946|base|1768|2026|c445;c623|Parfumo knows 16946 perfumes which contain the fragrance note Tonka bean . It often occurs in the base note of a perfume. The fragrance note appeared first in the year 1768 and last in 2026 .||
2855|Tuberose|Tuberose|https://www.parfumo.com/Fragrance_Note/Tuberose|https://media.parfumo.com/notes_png/ce/ce_abd9f0472124871b50b8949aca3f867d6d8c8ca4_1200.png|6545|heart|1765|2026|c231;c628;c660|Parfumo knows 6545 perfumes which contain the fragrance note Tuberose . It often occurs in in the heart note of a perfume. The fragrance note appeared first in the year 1765 and last in 2026 .||
14544|Turkish_damask_rose|Turkish damask rose|https://www.parfumo.com/Fragrance_Note/Turkish_damask_rose|https://media.parfumo.com/notes_png/01/01_f0ba974af53093ef835f5646ac212c769d408c4b_1200.png|76|heart|2006|2026|c196;c231;c533|Parfumo knows 76 perfumes which contain the fragrance note Turkish damask rose . It often occurs in in the heart note of a perfume. The fragrance note appeared first in the year 2006 and last in 2026 .||
2871|Vanilla|Vanilla|https://www.parfumo.com/Fragrance_Note/Vanilla|https://media.parfumo.com/notes_png/20/20_e4919c28876ee350587aa495191905c26d0a16a9_1200.png|45659|base|1768|2026|c445;c636|Parfumo knows 45659 perfumes which contain the fragrance note Vanilla . It often occurs in the base note of a perfume. The fragrance note appeared first in the year 1768 and last in 2026 .|2896:Vanilla|
2876|Vanilla_absolute|Vanilla absolute|https://www.parfumo.com/Fragrance_Note/Vanilla_absolute|https://media.parfumo.com/notes_png/20/20_e4919c28876ee350587aa495191905c26d0a16a9_1200.png|1247|base|1978|2026|c636|Parfumo knows 1247 perfumes which contain the fragrance note Vanilla absolute . It often occurs in the base note of a perfume. The fragrance note appeared first in the year 1978 and last in 2026 .||
11362|Venezuelan_tonka_bean|Venezuelan tonka bean|https://www.parfumo.com/Fragrance_Note/Venezuelan_tonka_bean|https://media.parfumo.com/notes_png/86/86_ab6a97837b05a04c95ebd91df2ecdaeab269a6c2_1200.png|126|base|2005|2026|c623|Parfumo knows 126 perfumes which contain the fragrance note Venezuelan tonka bean . It often occurs in the base note of a perfume. The fragrance note appeared first in the year 2005 and last in 2026 .||
2925|Vetiver|Vetiver|https://www.parfumo.com/Fragrance_Note/Vetiver|https://media.parfumo.com/notes_png/db/db_7f1298c4b9d0d979d6a932d38e56ee2f3223955a_1200.png|20547|base|1888|2026|c265;c642;c669|Parfumo knows 20547 perfumes which contain the fragrance note Vetiver . It often occurs in the base note of a perfume. The fragrance note appeared first in the year 1888 and last in 2026 .||
2901|Violet|Violet|https://www.parfumo.com/Fragrance_Note/Violet|https://media.parfumo.com/notes_png/70/70_77851638a3ed2f18627388fd10af32c150af1c71_1200.png|11251|heart|1668|2026|c231;c644|Parfumo knows 11251 perfumes which contain the fragrance note Violet . It often occurs in in the heart note of a perfume. The fragrance note appeared first in the year 1668 and last in 2026 .||
3760|Woody_notes|Woody notes|https://www.parfumo.com/Fragrance_Note/Woody_notes|https://media.parfumo.com/notes_png/28/28_fda2ba6cd59b1b1e7a19c1f35cd55e7deb7e0b11_1200.png|8200|base|1860|2026|c435;c669|Parfumo knows 8200 perfumes which contain the fragrance note Woody notes . It often occurs in the base note of a perfume. The fragrance note appeared first in the year 1860 and last in 2026 .||
3115|Ylang_ylang|Ylang-ylang|https://www.parfumo.com/Fragrance_Note/Ylang_ylang|https://media.parfumo.com/notes_png/44/44_a90a7567c36ef3a18ae3755af852596e98c8a5fe_1200.png|10469|heart|1808|2026|c231;c676|Parfumo knows 10469 perfumes which contain the fragrance note Ylang-ylang . It often occurs in in the heart note of a perfume. The fragrance note appeared first in the year 1808 and last in 2026 .||
